[
{
    "model": "auth.permission",
    "pk": 1,
    "fields": {
        "name": "Can add log entry",
        "content_type": 1,
        "codename": "add_logentry"
    }
},
{
    "model": "auth.permission",
    "pk": 2,
    "fields": {
        "name": "Can change log entry",
        "content_type": 1,
        "codename": "change_logentry"
    }
},
{
    "model": "auth.permission",
    "pk": 3,
    "fields": {
        "name": "Can delete log entry",
        "content_type": 1,
        "codename": "delete_logentry"
    }
},
{
    "model": "auth.permission",
    "pk": 4,
    "fields": {
        "name": "Can view log entry",
        "content_type": 1,
        "codename": "view_logentry"
    }
},
{
    "model": "auth.permission",
    "pk": 5,
    "fields": {
        "name": "Can add permission",
        "content_type": 2,
        "codename": "add_permission"
    }
},
{
    "model": "auth.permission",
    "pk": 6,
    "fields": {
        "name": "Can change permission",
        "content_type": 2,
        "codename": "change_permission"
    }
},
{
    "model": "auth.permission",
    "pk": 7,
    "fields": {
        "name": "Can delete permission",
        "content_type": 2,
        "codename": "delete_permission"
    }
},
{
    "model": "auth.permission",
    "pk": 8,
    "fields": {
        "name": "Can view permission",
        "content_type": 2,
        "codename": "view_permission"
    }
},
{
    "model": "auth.permission",
    "pk": 9,
    "fields": {
        "name": "Can add group",
        "content_type": 3,
        "codename": "add_group"
    }
},
{
    "model": "auth.permission",
    "pk": 10,
    "fields": {
        "name": "Can change group",
        "content_type": 3,
        "codename": "change_group"
    }
},
{
    "model": "auth.permission",
    "pk": 11,
    "fields": {
        "name": "Can delete group",
        "content_type": 3,
        "codename": "delete_group"
    }
},
{
    "model": "auth.permission",
    "pk": 12,
    "fields": {
        "name": "Can view group",
        "content_type": 3,
        "codename": "view_group"
    }
},
{
    "model": "auth.permission",
    "pk": 13,
    "fields": {
        "name": "Can add user",
        "content_type": 4,
        "codename": "add_user"
    }
},
{
    "model": "auth.permission",
    "pk": 14,
    "fields": {
        "name": "Can change user",
        "content_type": 4,
        "codename": "change_user"
    }
},
{
    "model": "auth.permission",
    "pk": 15,
    "fields": {
        "name": "Can delete user",
        "content_type": 4,
        "codename": "delete_user"
    }
},
{
    "model": "auth.permission",
    "pk": 16,
    "fields": {
        "name": "Can view user",
        "content_type": 4,
        "codename": "view_user"
    }
},
{
    "model": "auth.permission",
    "pk": 17,
    "fields": {
        "name": "Can add content type",
        "content_type": 5,
        "codename": "add_contenttype"
    }
},
{
    "model": "auth.permission",
    "pk": 18,
    "fields": {
        "name": "Can change content type",
        "content_type": 5,
        "codename": "change_contenttype"
    }
},
{
    "model": "auth.permission",
    "pk": 19,
    "fields": {
        "name": "Can delete content type",
        "content_type": 5,
        "codename": "delete_contenttype"
    }
},
{
    "model": "auth.permission",
    "pk": 20,
    "fields": {
        "name": "Can view content type",
        "content_type": 5,
        "codename": "view_contenttype"
    }
},
{
    "model": "auth.permission",
    "pk": 21,
    "fields": {
        "name": "Can add session",
        "content_type": 6,
        "codename": "add_session"
    }
},
{
    "model": "auth.permission",
    "pk": 22,
    "fields": {
        "name": "Can change session",
        "content_type": 6,
        "codename": "change_session"
    }
},
{
    "model": "auth.permission",
    "pk": 23,
    "fields": {
        "name": "Can delete session",
        "content_type": 6,
        "codename": "delete_session"
    }
},
{
    "model": "auth.permission",
    "pk": 24,
    "fields": {
        "name": "Can view session",
        "content_type": 6,
        "codename": "view_session"
    }
},
{
    "model": "auth.permission",
    "pk": 25,
    "fields": {
        "name": "Can add playlist",
        "content_type": 7,
        "codename": "add_playlist"
    }
},
{
    "model": "auth.permission",
    "pk": 26,
    "fields": {
        "name": "Can change playlist",
        "content_type": 7,
        "codename": "change_playlist"
    }
},
{
    "model": "auth.permission",
    "pk": 27,
    "fields": {
        "name": "Can delete playlist",
        "content_type": 7,
        "codename": "delete_playlist"
    }
},
{
    "model": "auth.permission",
    "pk": 28,
    "fields": {
        "name": "Can view playlist",
        "content_type": 7,
        "codename": "view_playlist"
    }
},
{
    "model": "auth.permission",
    "pk": 29,
    "fields": {
        "name": "Can add mensaje privado",
        "content_type": 8,
        "codename": "add_mensajeprivado"
    }
},
{
    "model": "auth.permission",
    "pk": 30,
    "fields": {
        "name": "Can change mensaje privado",
        "content_type": 8,
        "codename": "change_mensajeprivado"
    }
},
{
    "model": "auth.permission",
    "pk": 31,
    "fields": {
        "name": "Can delete mensaje privado",
        "content_type": 8,
        "codename": "delete_mensajeprivado"
    }
},
{
    "model": "auth.permission",
    "pk": 32,
    "fields": {
        "name": "Can view mensaje privado",
        "content_type": 8,
        "codename": "view_mensajeprivado"
    }
},
{
    "model": "auth.permission",
    "pk": 33,
    "fields": {
        "name": "Can add etiqueta",
        "content_type": 9,
        "codename": "add_etiqueta"
    }
},
{
    "model": "auth.permission",
    "pk": 34,
    "fields": {
        "name": "Can change etiqueta",
        "content_type": 9,
        "codename": "change_etiqueta"
    }
},
{
    "model": "auth.permission",
    "pk": 35,
    "fields": {
        "name": "Can delete etiqueta",
        "content_type": 9,
        "codename": "delete_etiqueta"
    }
},
{
    "model": "auth.permission",
    "pk": 36,
    "fields": {
        "name": "Can view etiqueta",
        "content_type": 9,
        "codename": "view_etiqueta"
    }
},
{
    "model": "auth.permission",
    "pk": 37,
    "fields": {
        "name": "Can add usuario",
        "content_type": 10,
        "codename": "add_usuario"
    }
},
{
    "model": "auth.permission",
    "pk": 38,
    "fields": {
        "name": "Can change usuario",
        "content_type": 10,
        "codename": "change_usuario"
    }
},
{
    "model": "auth.permission",
    "pk": 39,
    "fields": {
        "name": "Can delete usuario",
        "content_type": 10,
        "codename": "delete_usuario"
    }
},
{
    "model": "auth.permission",
    "pk": 40,
    "fields": {
        "name": "Can view usuario",
        "content_type": 10,
        "codename": "view_usuario"
    }
},
{
    "model": "auth.permission",
    "pk": 41,
    "fields": {
        "name": "Can add like",
        "content_type": 11,
        "codename": "add_like"
    }
},
{
    "model": "auth.permission",
    "pk": 42,
    "fields": {
        "name": "Can change like",
        "content_type": 11,
        "codename": "change_like"
    }
},
{
    "model": "auth.permission",
    "pk": 43,
    "fields": {
        "name": "Can delete like",
        "content_type": 11,
        "codename": "delete_like"
    }
},
{
    "model": "auth.permission",
    "pk": 44,
    "fields": {
        "name": "Can view like",
        "content_type": 11,
        "codename": "view_like"
    }
},
{
    "model": "auth.permission",
    "pk": 45,
    "fields": {
        "name": "Can add reporte",
        "content_type": 12,
        "codename": "add_reporte"
    }
},
{
    "model": "auth.permission",
    "pk": 46,
    "fields": {
        "name": "Can change reporte",
        "content_type": 12,
        "codename": "change_reporte"
    }
},
{
    "model": "auth.permission",
    "pk": 47,
    "fields": {
        "name": "Can delete reporte",
        "content_type": 12,
        "codename": "delete_reporte"
    }
},
{
    "model": "auth.permission",
    "pk": 48,
    "fields": {
        "name": "Can view reporte",
        "content_type": 12,
        "codename": "view_reporte"
    }
},
{
    "model": "auth.permission",
    "pk": 49,
    "fields": {
        "name": "Can add cancion",
        "content_type": 13,
        "codename": "add_cancion"
    }
},
{
    "model": "auth.permission",
    "pk": 50,
    "fields": {
        "name": "Can change cancion",
        "content_type": 13,
        "codename": "change_cancion"
    }
},
{
    "model": "auth.permission",
    "pk": 51,
    "fields": {
        "name": "Can delete cancion",
        "content_type": 13,
        "codename": "delete_cancion"
    }
},
{
    "model": "auth.permission",
    "pk": 52,
    "fields": {
        "name": "Can view cancion",
        "content_type": 13,
        "codename": "view_cancion"
    }
},
{
    "model": "auth.permission",
    "pk": 53,
    "fields": {
        "name": "Can add guardado",
        "content_type": 14,
        "codename": "add_guardado"
    }
},
{
    "model": "auth.permission",
    "pk": 54,
    "fields": {
        "name": "Can change guardado",
        "content_type": 14,
        "codename": "change_guardado"
    }
},
{
    "model": "auth.permission",
    "pk": 55,
    "fields": {
        "name": "Can delete guardado",
        "content_type": 14,
        "codename": "delete_guardado"
    }
},
{
    "model": "auth.permission",
    "pk": 56,
    "fields": {
        "name": "Can view guardado",
        "content_type": 14,
        "codename": "view_guardado"
    }
},
{
    "model": "auth.permission",
    "pk": 57,
    "fields": {
        "name": "Can add seguidores",
        "content_type": 15,
        "codename": "add_seguidores"
    }
},
{
    "model": "auth.permission",
    "pk": 58,
    "fields": {
        "name": "Can change seguidores",
        "content_type": 15,
        "codename": "change_seguidores"
    }
},
{
    "model": "auth.permission",
    "pk": 59,
    "fields": {
        "name": "Can delete seguidores",
        "content_type": 15,
        "codename": "delete_seguidores"
    }
},
{
    "model": "auth.permission",
    "pk": 60,
    "fields": {
        "name": "Can view seguidores",
        "content_type": 15,
        "codename": "view_seguidores"
    }
},
{
    "model": "auth.permission",
    "pk": 61,
    "fields": {
        "name": "Can add comentario",
        "content_type": 16,
        "codename": "add_comentario"
    }
},
{
    "model": "auth.permission",
    "pk": 62,
    "fields": {
        "name": "Can change comentario",
        "content_type": 16,
        "codename": "change_comentario"
    }
},
{
    "model": "auth.permission",
    "pk": 63,
    "fields": {
        "name": "Can delete comentario",
        "content_type": 16,
        "codename": "delete_comentario"
    }
},
{
    "model": "auth.permission",
    "pk": 64,
    "fields": {
        "name": "Can view comentario",
        "content_type": 16,
        "codename": "view_comentario"
    }
},
{
    "model": "auth.permission",
    "pk": 65,
    "fields": {
        "name": "Can add album",
        "content_type": 17,
        "codename": "add_album"
    }
},
{
    "model": "auth.permission",
    "pk": 66,
    "fields": {
        "name": "Can change album",
        "content_type": 17,
        "codename": "change_album"
    }
},
{
    "model": "auth.permission",
    "pk": 67,
    "fields": {
        "name": "Can delete album",
        "content_type": 17,
        "codename": "delete_album"
    }
},
{
    "model": "auth.permission",
    "pk": 68,
    "fields": {
        "name": "Can view album",
        "content_type": 17,
        "codename": "view_album"
    }
},
{
    "model": "auth.user",
    "pk": 1,
    "fields": {
        "password": "pbkdf2_sha256$870000$II04DgqHGXIdhoCF03ySi6$FLedQ+/6LHizgFaya5k5ulsuuptxjzc1SBVnSVsiJjw=",
        "last_login": "2024-10-15T16:23:37.473",
        "is_superuser": true,
        "username": "lolo",
        "first_name": "",
        "last_name": "",
        "email": "",
        "is_staff": true,
        "is_active": true,
        "date_joined": "2024-10-15T16:23:17.689",
        "groups": [],
        "user_permissions": []
    }
},
{
    "model": "contenttypes.contenttype",
    "pk": 1,
    "fields": {
        "app_label": "admin",
        "model": "logentry"
    }
},
{
    "model": "contenttypes.contenttype",
    "pk": 2,
    "fields": {
        "app_label": "auth",
        "model": "permission"
    }
},
{
    "model": "contenttypes.contenttype",
    "pk": 3,
    "fields": {
        "app_label": "auth",
        "model": "group"
    }
},
{
    "model": "contenttypes.contenttype",
    "pk": 4,
    "fields": {
        "app_label": "auth",
        "model": "user"
    }
},
{
    "model": "contenttypes.contenttype",
    "pk": 5,
    "fields": {
        "app_label": "contenttypes",
        "model": "contenttype"
    }
},
{
    "model": "contenttypes.contenttype",
    "pk": 6,
    "fields": {
        "app_label": "sessions",
        "model": "session"
    }
},
{
    "model": "contenttypes.contenttype",
    "pk": 7,
    "fields": {
        "app_label": "socialSound",
        "model": "playlist"
    }
},
{
    "model": "contenttypes.contenttype",
    "pk": 8,
    "fields": {
        "app_label": "socialSound",
        "model": "mensajeprivado"
    }
},
{
    "model": "contenttypes.contenttype",
    "pk": 9,
    "fields": {
        "app_label": "socialSound",
        "model": "etiqueta"
    }
},
{
    "model": "contenttypes.contenttype",
    "pk": 10,
    "fields": {
        "app_label": "socialSound",
        "model": "usuario"
    }
},
{
    "model": "contenttypes.contenttype",
    "pk": 11,
    "fields": {
        "app_label": "socialSound",
        "model": "like"
    }
},
{
    "model": "contenttypes.contenttype",
    "pk": 12,
    "fields": {
        "app_label": "socialSound",
        "model": "reporte"
    }
},
{
    "model": "contenttypes.contenttype",
    "pk": 13,
    "fields": {
        "app_label": "socialSound",
        "model": "cancion"
    }
},
{
    "model": "contenttypes.contenttype",
    "pk": 14,
    "fields": {
        "app_label": "socialSound",
        "model": "guardado"
    }
},
{
    "model": "contenttypes.contenttype",
    "pk": 15,
    "fields": {
        "app_label": "socialSound",
        "model": "seguidores"
    }
},
{
    "model": "contenttypes.contenttype",
    "pk": 16,
    "fields": {
        "app_label": "socialSound",
        "model": "comentario"
    }
},
{
    "model": "contenttypes.contenttype",
    "pk": 17,
    "fields": {
        "app_label": "socialSound",
        "model": "album"
    }
},
{
    "model": "sessions.session",
    "pk": "nxayjk5wvjrtu3gw2mr0oigu8zw65eo6",
    "fields": {
        "session_data": ".eJxVjEEOgjAQRe_StWkKnUHq0j1naIaZqaCmTSisjHdXEha6_e-9_zKRtnWKW9UlzmIupjGn320kfmjegdwp34rlktdlHu2u2INWOxTR5_Vw_w4mqtO39kRdSo4bx47hrISBELwmCaEVQApdg33yPgBorwBAKIzSovretWzeH-49N9U:1t0iSX:HAJKznTRKVtbw-znQxpvFLC8R5s9kZIP1knNjSvLH-8",
        "expire_date": "2024-10-29T16:23:37.481"
    }
},
{
    "model": "socialSound.usuario",
    "pk": 1,
    "fields": {
        "nombre_usuario": "Change fine you rule involve hair actually. Weight when turn remain force article.",
        "bio": "Billion lay summer likely go him part.\nHuge security watch international. Trade special official room left. Up message large cover. No teach activity under positive series manage.",
        "ciudad": "Own enter hold traditional.\nKid against know yet. Would black leader. Skill end wait social capital cultural.",
        "foto_perfil": "sit.json",
        "fecha_nac": "2001-12-29"
    }
},
{
    "model": "socialSound.usuario",
    "pk": 2,
    "fields": {
        "nombre_usuario": "Myself establish enjoy decide idea. Space book tell.",
        "bio": "White democratic respond study live great. Alone bank unit impact. Add individual specific fall safe letter across. Local score follow behind.",
        "ciudad": "Bad store player accept after section. Low toward of him unit. Than top authority short sing long.",
        "foto_perfil": "clear.webm",
        "fecha_nac": "2003-03-20"
    }
},
{
    "model": "socialSound.usuario",
    "pk": 3,
    "fields": {
        "nombre_usuario": "Indicate vote guess night wall. Magazine good go protect father better instead.",
        "bio": "Huge imagine enter adult process process. Long class animal child discuss wide. Room make black set gun yeah. Six future past wide.",
        "ciudad": "Around blue resource player war hotel work. Magazine for stay small.",
        "foto_perfil": "scene.jpeg",
        "fecha_nac": "1976-02-28"
    }
},
{
    "model": "socialSound.usuario",
    "pk": 4,
    "fields": {
        "nombre_usuario": "Keep statement opportunity choice. Woman democratic than every southern share difficult person.",
        "bio": "Bit as now. Rich nature civil. Another society trade station.\nAttention time yet add. Particularly memory hundred large her anything certainly.",
        "ciudad": "Little company bit. Marriage study identify similar. Family against and today right final west.",
        "foto_perfil": "watch.png",
        "fecha_nac": "1979-03-03"
    }
},
{
    "model": "socialSound.usuario",
    "pk": 5,
    "fields": {
        "nombre_usuario": "Listen network type pattern. Everything involve agency describe after save.",
        "bio": "Poor name around while. Want yeah close already body three those. Take think economic throughout happy beyond life.",
        "ciudad": "Forget news college what. Total very without girl. Experience do sit organization player listen attention.",
        "foto_perfil": "agreement.bmp",
        "fecha_nac": "1976-07-23"
    }
},
{
    "model": "socialSound.usuario",
    "pk": 6,
    "fields": {
        "nombre_usuario": "Morning TV hope community same instead attention. Draw mouth water main law life value.",
        "bio": "Sea boy week general. Fall process deal important. Organization image hear approach resource hour start.",
        "ciudad": "Several guy still tonight painting.\nReflect fund treatment stuff. Cut sell sister produce. Arrive health season card commercial behind.",
        "foto_perfil": "knowledge.mp4",
        "fecha_nac": "1981-10-28"
    }
},
{
    "model": "socialSound.usuario",
    "pk": 7,
    "fields": {
        "nombre_usuario": "Act economy address. Continue travel late alone state.",
        "bio": "Should information rest almost back foot cell. Concern travel race. Question set among wear.",
        "ciudad": "Member health vote generation once discussion. Check newspaper sure relationship stage owner.",
        "foto_perfil": "to.bmp",
        "fecha_nac": "2012-04-18"
    }
},
{
    "model": "socialSound.usuario",
    "pk": 8,
    "fields": {
        "nombre_usuario": "Leg season service everyone hour thousand. East amount entire.",
        "bio": "Idea hard hundred during order. Blood cup same even message. View two type defense long around.",
        "ciudad": "Moment explain card green. Clearly it cause true. Action seat especially. Note down teach key.",
        "foto_perfil": "build.txt",
        "fecha_nac": "1984-08-16"
    }
},
{
    "model": "socialSound.usuario",
    "pk": 9,
    "fields": {
        "nombre_usuario": "Partner thank modern game trip loss kind Congress. Girl when yourself difference rate.",
        "bio": "She possible age TV smile marriage. Cultural forward miss listen girl. Red work service two name doctor weight.\nLawyer window girl. Raise building grow find bar start scientist. Left force anyone.",
        "ciudad": "Security again food cut break. Congress writer our return them response road next. Red various away wide will son than trip.",
        "foto_perfil": "even.avi",
        "fecha_nac": "1990-06-06"
    }
},
{
    "model": "socialSound.usuario",
    "pk": 10,
    "fields": {
        "nombre_usuario": "Place page family modern American film.",
        "bio": "Road organization husband whom to. Career eat American who eat a. Mind term herself difficult under where.\nMilitary Mrs stock buy.\nDeep thousand whether message task skill fill. Know ball pull rest.",
        "ciudad": "Clearly have amount whom enjoy expert. Church or reflect president building step large south.",
        "foto_perfil": "stock.css",
        "fecha_nac": "1996-10-18"
    }
},
{
    "model": "socialSound.usuario",
    "pk": 11,
    "fields": {
        "nombre_usuario": "One realize name. Almost lead almost thank that agency. Recently somebody couple everything.",
        "bio": "Week share throughout law style. Those writer matter gas without new source. Occur hear use staff meeting everything network.",
        "ciudad": "Garden expect beat pay firm. Laugh culture tree level office recognize performance.",
        "foto_perfil": "Congress.jpg",
        "fecha_nac": "2013-05-03"
    }
},
{
    "model": "socialSound.usuario",
    "pk": 12,
    "fields": {
        "nombre_usuario": "Both pay church push where. Walk cover degree central outside fight night.",
        "bio": "Third language lawyer line only little reveal. Create decision show right a free pretty. Worry them full strategy hour.",
        "ciudad": "International level part will. Writer foot course. Population approach heavy course worry figure offer.",
        "foto_perfil": "husband.json",
        "fecha_nac": "2022-02-15"
    }
},
{
    "model": "socialSound.usuario",
    "pk": 13,
    "fields": {
        "nombre_usuario": "Read little husband land my hour alone. Become against claim charge apply tend. Skill pass eye.",
        "bio": "See much huge respond every break stage meeting. Person wait building station. Simple company move type resource expert argue yourself.",
        "ciudad": "Party add institution third dog TV figure simple. Station accept final challenge build security player. Available major carry you.",
        "foto_perfil": "least.wav",
        "fecha_nac": "1993-08-22"
    }
},
{
    "model": "socialSound.usuario",
    "pk": 14,
    "fields": {
        "nombre_usuario": "Consumer offer room run. Home interview vote site operation prepare. Anything one enough day month.",
        "bio": "Focus clear life ok.\nSkill then sit word collection. Consider truth air simply example.\nPrepare enter business specific not culture. Front be meeting age. Bill win also data per short our air.",
        "ciudad": "Tonight baby sign article sing. Within phone boy others.",
        "foto_perfil": "every.flac",
        "fecha_nac": "1975-10-28"
    }
},
{
    "model": "socialSound.usuario",
    "pk": 15,
    "fields": {
        "nombre_usuario": "Character poor there him let picture material. Four rise history fall whole professional.",
        "bio": "Large race clearly. All party other.\nRed give street owner care east. Rule control writer church last.\nProject at store two many company. Drug huge detail alone base bit structure.",
        "ciudad": "Agree energy about. Hope common control sing beat.\nOpen risk just focus beautiful. Report because choose others.",
        "foto_perfil": "meeting.webm",
        "fecha_nac": "1981-12-01"
    }
},
{
    "model": "socialSound.usuario",
    "pk": 16,
    "fields": {
        "nombre_usuario": "Benefit describe interview walk. Skill high recent even ever by.",
        "bio": "Somebody treat by skill fast. Want almost affect in bit include. Hospital population tree loss through carry.",
        "ciudad": "Rule find newspaper before. Good nice price you. Statement seven study night week service husband.",
        "foto_perfil": "current.html",
        "fecha_nac": "1996-03-03"
    }
},
{
    "model": "socialSound.usuario",
    "pk": 17,
    "fields": {
        "nombre_usuario": "House fact author ask respond.",
        "bio": "Class himself hard exist ask term which. Fill minute until which this. Service something develop tend impact option.\nCapital key protect. Writer end industry exactly future town future.",
        "ciudad": "Pattern those study friend. Result I note hair development marriage thought.",
        "foto_perfil": "person.tiff",
        "fecha_nac": "1992-08-25"
    }
},
{
    "model": "socialSound.usuario",
    "pk": 18,
    "fields": {
        "nombre_usuario": "Set early can bar lawyer. Near sign consumer.",
        "bio": "Front right measure baby cell movement. Rate great indicate recognize sort.\nSure enter table reflect nice six technology adult. Add join south just wonder. Week capital along show.",
        "ciudad": "Reason doctor quality young author court challenge say. Toward old someone future board you only. Others around many fall woman leave lot professor.",
        "foto_perfil": "agency.avi",
        "fecha_nac": "1991-01-01"
    }
},
{
    "model": "socialSound.usuario",
    "pk": 19,
    "fields": {
        "nombre_usuario": "Away daughter stuff. Year theory me paper itself necessary. Trouble by possible that land right.",
        "bio": "Very born nature. Office lot against bag western attack recently.\nArea respond former gun employee federal.\nCamera traditional campaign stage. Think own well hear care hair.",
        "ciudad": "Director task should no million. Sense there data later expect sign buy. Fish often hot site.\nAgent author put. These eat TV use.",
        "foto_perfil": "visit.html",
        "fecha_nac": "1980-08-12"
    }
},
{
    "model": "socialSound.usuario",
    "pk": 20,
    "fields": {
        "nombre_usuario": "Buy scientist southern war. From executive fly for agree chance.",
        "bio": "Official analysis window teacher three easy address. Tax trouble they peace would any hospital. Night then nation ground hit job.",
        "ciudad": "From magazine policy drug to. High word mind quite. Third mother admit wife market theory. Respond everybody window great.",
        "foto_perfil": "my.mov",
        "fecha_nac": "1980-06-17"
    }
},
{
    "model": "socialSound.album",
    "pk": 1,
    "fields": {
        "titulo": "Son special simple. Else call approach record along think student. Adult player discussion move.\nTop young through hit difficult road. When next international hour performance option.",
        "artista": 6,
        "fecha_lanzamiento": "1981-05-15",
        "portada": "very.css",
        "descripcion": "Away whatever after arm onto. Job through federal interesting.\nCare company work television use foot attack. Seem community change president. Just yard change quality exist table learn she."
    }
},
{
    "model": "socialSound.album",
    "pk": 2,
    "fields": {
        "titulo": "Bed whole which method election which.\nLaw value coach modern office remain capital. Me century move technology development.\nCause life possible sort. Month note daughter financial often why goal.",
        "artista": 12,
        "fecha_lanzamiento": "1971-09-02",
        "portada": "first.mp3",
        "descripcion": "Career fish fund couple under capital spend center.\nVote recognize hold ten new prepare training structure."
    }
},
{
    "model": "socialSound.album",
    "pk": 3,
    "fields": {
        "titulo": "Information skill idea fund.\nBoard though company me song. Large security strong explain camera now lawyer.",
        "artista": 10,
        "fecha_lanzamiento": "2009-10-03",
        "portada": "money.js",
        "descripcion": "Song news vote result bad. Push little allow his usually later thousand industry. Woman look firm fight arm.\nClaim research wife tonight drop board much. Know well movement prevent."
    }
},
{
    "model": "socialSound.album",
    "pk": 4,
    "fields": {
        "titulo": "Wall statement can the TV move. Support itself keep. Treatment change throw. Trial not public successful discussion believe firm.",
        "artista": 9,
        "fecha_lanzamiento": "2023-01-18",
        "portada": "mouth.avi",
        "descripcion": "Executive cell ten office hair old war. Know particularly body front fight.\nAll instead serve can. Worry simple each sure."
    }
},
{
    "model": "socialSound.album",
    "pk": 5,
    "fields": {
        "titulo": "Page believe ability. Increase property face into law like traditional.\nPoint send reveal store ready tax. Way already language important community personal.",
        "artista": 9,
        "fecha_lanzamiento": "2020-09-12",
        "portada": "key.csv",
        "descripcion": "Amount two ever character ever book. Together final personal the.\nShare size his scientist shoulder. Baby training something team pick. Decide cold campaign lot cultural agency collection beautiful."
    }
},
{
    "model": "socialSound.album",
    "pk": 6,
    "fields": {
        "titulo": "Young raise heart great way small. Growth gas sea project.\nEight any always final water. Listen house kitchen trouble similar support. Least lawyer general company.",
        "artista": 17,
        "fecha_lanzamiento": "2016-03-05",
        "portada": "view.json",
        "descripcion": "Require arrive however mind company whose.\nTreatment game always development tend according bar structure. Civil run and player blood entire where. Fly indicate final wife stuff."
    }
},
{
    "model": "socialSound.album",
    "pk": 7,
    "fields": {
        "titulo": "Threat vote happen same. Change seem hear coach on away. Join include message indicate. Year respond whose at school system.",
        "artista": 8,
        "fecha_lanzamiento": "2018-11-21",
        "portada": "pass.mp4",
        "descripcion": "Yes do international live marriage sing possible. Rich he company later quite. Society crime center reduce.\nBook young want alone. Site peace direction speak."
    }
},
{
    "model": "socialSound.album",
    "pk": 8,
    "fields": {
        "titulo": "Exist list prevent face. Audience safe stop cause democratic. Skill partner report there how official.\nRun pass head.",
        "artista": 6,
        "fecha_lanzamiento": "1989-05-19",
        "portada": "remember.mp3",
        "descripcion": "Civil into window cut deep gun share choose. Into even paper learn.\nWhole finally network total artist help loss. Morning yard project rich more black since."
    }
},
{
    "model": "socialSound.album",
    "pk": 9,
    "fields": {
        "titulo": "Member sit with director smile Democrat assume. Face price article. Pass price including forget next.",
        "artista": 1,
        "fecha_lanzamiento": "2015-05-25",
        "portada": "force.mov",
        "descripcion": "Fire blood activity check claim purpose throughout. National price effort we anything current dog.\nCharge movie conference listen model analysis measure. Certainly face finish economic system such."
    }
},
{
    "model": "socialSound.album",
    "pk": 10,
    "fields": {
        "titulo": "Upon through every. He form I within center. Never wish whatever from not expect lawyer.\nList as surface expect few relationship.",
        "artista": 12,
        "fecha_lanzamiento": "2021-04-08",
        "portada": "long.csv",
        "descripcion": "Dinner page both force. Option society reduce event situation.\nOld age and movie song. West very fire subject. Great wonder hair coach shoulder message eye."
    }
},
{
    "model": "socialSound.album",
    "pk": 11,
    "fields": {
        "titulo": "Read certainly character decade.\nTo put sign add hair inside. Protect feel forget training.\nIndicate air partner not stay since. Note store remember.",
        "artista": 8,
        "fecha_lanzamiento": "1996-11-15",
        "portada": "ball.bmp",
        "descripcion": "Stock show game large support should. Mouth light provide issue probably pull. Such main life exist enjoy field friend."
    }
},
{
    "model": "socialSound.album",
    "pk": 12,
    "fields": {
        "titulo": "Surface sit keep him.\nMeeting cause daughter loss much. Image offer life plan director leave walk. Order financial cold west again.",
        "artista": 9,
        "fecha_lanzamiento": "1979-02-18",
        "portada": "example.js",
        "descripcion": "Him space away easy clearly. Something place cultural group green song.\nRise mother technology home today sea dog. Name effort with. Term similar fact see recognize will."
    }
},
{
    "model": "socialSound.album",
    "pk": 13,
    "fields": {
        "titulo": "Pass down personal last while former. Down defense color style office world point.\nClear purpose goal do box. White value machine reach.",
        "artista": 19,
        "fecha_lanzamiento": "1976-07-28",
        "portada": "where.wav",
        "descripcion": "Trouble daughter build teach night maintain. Establish apply after middle medical.\nValue keep do mention student national. Should easy part approach offer."
    }
},
{
    "model": "socialSound.album",
    "pk": 14,
    "fields": {
        "titulo": "Point turn third source eye. Particular create boy today describe job tough. Many bill avoid film leader year social company. According local kind window arm issue.",
        "artista": 14,
        "fecha_lanzamiento": "2020-01-30",
        "portada": "card.js",
        "descripcion": "Because individual paper thousand. Industry land same generation foot those drop."
    }
},
{
    "model": "socialSound.album",
    "pk": 15,
    "fields": {
        "titulo": "Position amount human kind body. Right what cultural. Project card leave coach herself ten you.\nSubject soldier structure thought act make. Remain collection black short.",
        "artista": 14,
        "fecha_lanzamiento": "2019-01-28",
        "portada": "expert.png",
        "descripcion": "Organization reality free air strategy before crime player. Finally another however article. Minute particular think amount.\nElse set quality water. Mrs by year believe position. I share sport think."
    }
},
{
    "model": "socialSound.album",
    "pk": 16,
    "fields": {
        "titulo": "We here population one offer. Lawyer exist blood red. Wait eight mission.",
        "artista": 13,
        "fecha_lanzamiento": "2003-05-30",
        "portada": "happen.js",
        "descripcion": "Identify assume marriage alone sure beat. Second all born international establish newspaper."
    }
},
{
    "model": "socialSound.album",
    "pk": 17,
    "fields": {
        "titulo": "True ever seek unit population. Ability evening building someone unit high season. Song common ago though network.",
        "artista": 5,
        "fecha_lanzamiento": "1978-10-26",
        "portada": "view.txt",
        "descripcion": "During a ever it song think defense. She along several much cause on. Detail different physical level base such."
    }
},
{
    "model": "socialSound.album",
    "pk": 18,
    "fields": {
        "titulo": "Win law form center. Four bar citizen place herself matter we.\nPossible adult left their. Perhaps reveal trip Mr now ten similar.",
        "artista": 8,
        "fecha_lanzamiento": "2022-02-17",
        "portada": "need.css",
        "descripcion": "Example authority likely position method. Century break southern fund federal boy compare.\nMrs near worry song. Recognize authority shoulder area third hard bed."
    }
},
{
    "model": "socialSound.album",
    "pk": 19,
    "fields": {
        "titulo": "Ten team onto approach improve. Forward firm well each. Character thousand scientist manage agreement may.",
        "artista": 15,
        "fecha_lanzamiento": "1991-12-29",
        "portada": "glass.avi",
        "descripcion": "Really save together choose effort account no. Shoulder we eye treat woman story.\nI drop visit media hair when across finally. Hear decide already wide."
    }
},
{
    "model": "socialSound.album",
    "pk": 20,
    "fields": {
        "titulo": "Here in picture fine never human.\nCountry plant trial cold herself. Resource program entire glass skill bit environmental. Word figure the control.\nMove unit thought candidate into.",
        "artista": 9,
        "fecha_lanzamiento": "2024-10-06",
        "portada": "respond.mp3",
        "descripcion": "Answer feel day doctor city trip. Economy treat surface economic last my list."
    }
},
{
    "model": "socialSound.cancion",
    "pk": 1,
    "fields": {
        "titulo": "Long institution book floor. Decision bank hospital gas. Role when executive guy community growth authority.\nEnergy group thus. Condition everybody standard piece ask speak fish.",
        "artista": "Week TV it language democratic increase clearly most.",
        "duracion": "14585 01:58:40",
        "archivo_audio": "you.mov",
        "portada": "available.csv",
        "fecha_subida": "2024-10-15T16:16:40.275",
        "usuario": 16,
        "album": 17
    }
},
{
    "model": "socialSound.cancion",
    "pk": 2,
    "fields": {
        "titulo": "Partner series owner beyond. Drop just how feeling.\nWhom fly thousand idea show form more. Oil song huge main life allow apply.",
        "artista": "Within election approach order. Thousand character analysis list else.",
        "duracion": "18361 11:13:53",
        "archivo_audio": "sometimes.mp4",
        "portada": "because.jpeg",
        "fecha_subida": "2024-10-15T16:16:40.275",
        "usuario": 19,
        "album": 15
    }
},
{
    "model": "socialSound.cancion",
    "pk": 3,
    "fields": {
        "titulo": "Red claim thing less you forget maintain. Soldier easy before person exactly leave wonder.\nGet quality church voice owner story perform. Manage enough cut page war.",
        "artista": "Tell radio cause wife cover blue memory senior.",
        "duracion": "11646 05:57:37",
        "archivo_audio": "foreign.jpeg",
        "portada": "raise.webm",
        "fecha_subida": "2024-10-15T16:16:40.275",
        "usuario": 3,
        "album": 20
    }
},
{
    "model": "socialSound.cancion",
    "pk": 4,
    "fields": {
        "titulo": "Save appear name color rise. Light customer environment according should support.\nWalk speech first foot couple magazine political doctor.",
        "artista": "Future right watch recognize base out. Actually economy brother American song wonder.",
        "duracion": "435 09:54:55",
        "archivo_audio": "watch.mp4",
        "portada": "audience.jpeg",
        "fecha_subida": "2024-10-15T16:16:40.275",
        "usuario": 5,
        "album": 4
    }
},
{
    "model": "socialSound.cancion",
    "pk": 5,
    "fields": {
        "titulo": "Citizen left stage case itself. Computer despite continue fast college ask to.\nSpend marriage mention. Opportunity season deep student. Himself interest white pick among.",
        "artista": "Product remain most outside. Music various quickly follow door.",
        "duracion": "10123 17:34:37",
        "archivo_audio": "hear.json",
        "portada": "store.txt",
        "fecha_subida": "2024-10-15T16:16:40.275",
        "usuario": 5,
        "album": 6
    }
},
{
    "model": "socialSound.cancion",
    "pk": 6,
    "fields": {
        "titulo": "President only factor. Similar add truth behavior wonder social. Condition end reason concern.\nNorth cup concern specific goal.\nHowever unit national four.",
        "artista": "Attention ever should suffer character. Light family employee election.\nOption little moment.",
        "duracion": "17580 10:33:44",
        "archivo_audio": "its.wav",
        "portada": "they.flac",
        "fecha_subida": "2024-10-15T16:16:40.275",
        "usuario": 10,
        "album": 8
    }
},
{
    "model": "socialSound.cancion",
    "pk": 7,
    "fields": {
        "titulo": "Require unit something capital lawyer prevent. Need back street.\nUnder behavior scene color four. Part market down few. Want believe share compare room century everything.",
        "artista": "Here wall indeed up expect agreement anything.",
        "duracion": "15760 09:54:08",
        "archivo_audio": "true.jpg",
        "portada": "some.txt",
        "fecha_subida": "2024-10-15T16:16:40.275",
        "usuario": 3,
        "album": 17
    }
},
{
    "model": "socialSound.cancion",
    "pk": 8,
    "fields": {
        "titulo": "Book up something buy beyond capital. Politics face physical central detail. Over than energy. Degree yourself wide must three.",
        "artista": "Institution establish them.\nSouth truth type argue media improve lead.",
        "duracion": "7085 14:29:34",
        "archivo_audio": "board.js",
        "portada": "difficult.jpg",
        "fecha_subida": "2024-10-15T16:16:40.275",
        "usuario": 6,
        "album": 12
    }
},
{
    "model": "socialSound.cancion",
    "pk": 9,
    "fields": {
        "titulo": "Detail manager television great. Those front later share very car.\nAmount road sense decision western main.\nMeasure husband forget special. Find show group manage forget. Stage benefit well spend.",
        "artista": "Federal system talk environmental. Yourself government attorney hit wear. Machine car movement art.",
        "duracion": "18045 05:14:41",
        "archivo_audio": "exactly.jpg",
        "portada": "newspaper.jpeg",
        "fecha_subida": "2024-10-15T16:16:40.275",
        "usuario": 14,
        "album": 17
    }
},
{
    "model": "socialSound.cancion",
    "pk": 10,
    "fields": {
        "titulo": "Fact later international game leader market section. Question must trade interview wait. Animal throw line everybody.",
        "artista": "Onto thing carry talk father center. Lead goal what no.",
        "duracion": "19974 03:37:24",
        "archivo_audio": "learn.txt",
        "portada": "its.webm",
        "fecha_subida": "2024-10-15T16:16:40.275",
        "usuario": 3,
        "album": 9
    }
},
{
    "model": "socialSound.cancion",
    "pk": 11,
    "fields": {
        "titulo": "Student drug movie alone. Professional number field manager not.\nMeeting well sense well law machine. Lead kitchen Mrs level behind style state. Near behind century across beyond ok.",
        "artista": "Whatever hotel respond. So couple month which sign seven accept.",
        "duracion": "11525 04:55:46",
        "archivo_audio": "within.webm",
        "portada": "card.txt",
        "fecha_subida": "2024-10-15T16:16:40.275",
        "usuario": 11,
        "album": 5
    }
},
{
    "model": "socialSound.cancion",
    "pk": 12,
    "fields": {
        "titulo": "Much almost return. Gun create pretty. Still his simply both. Rather allow page might.",
        "artista": "None book record former. Ball director media heavy him.",
        "duracion": "6915 22:18:28",
        "archivo_audio": "choose.tiff",
        "portada": "staff.wav",
        "fecha_subida": "2024-10-15T16:16:40.275",
        "usuario": 4,
        "album": 8
    }
},
{
    "model": "socialSound.cancion",
    "pk": 13,
    "fields": {
        "titulo": "Avoid somebody audience fund answer. Central concern about class drug.\nFour exist citizen let there whose of way. Figure language name see any majority onto.",
        "artista": "Stop your story same remain mouth shoulder. Eye read think foot bit leg certainly.",
        "duracion": "18685 06:04:40",
        "archivo_audio": "work.gif",
        "portada": "so.webm",
        "fecha_subida": "2024-10-15T16:16:40.275",
        "usuario": 4,
        "album": 14
    }
},
{
    "model": "socialSound.cancion",
    "pk": 14,
    "fields": {
        "titulo": "Billion generation computer bar ask. Purpose manager serious two born draw. Organization stay doctor rise.\nRecently sense research item even. Painting close involve them Mr present.",
        "artista": "Ask hard marriage nearly today.\nWith him phone real out. Activity job serious.",
        "duracion": "16337 21:00:32",
        "archivo_audio": "country.mp4",
        "portada": "economic.mov",
        "fecha_subida": "2024-10-15T16:16:40.275",
        "usuario": 6,
        "album": 16
    }
},
{
    "model": "socialSound.cancion",
    "pk": 15,
    "fields": {
        "titulo": "Act common house. Power place treat purpose investment everyone option. Political research customer hold raise.\nCollege like sometimes drug doctor. Staff lot community add home condition.",
        "artista": "Benefit wait middle in song reveal. Visit attorney although condition listen day.",
        "duracion": "7522 03:40:32",
        "archivo_audio": "explain.json",
        "portada": "marriage.mp4",
        "fecha_subida": "2024-10-15T16:16:40.275",
        "usuario": 1,
        "album": 16
    }
},
{
    "model": "socialSound.cancion",
    "pk": 16,
    "fields": {
        "titulo": "Look enjoy everybody this.\nPiece beat nearly. Mouth mean real pass only best candidate person. Tonight field particular land reality various must.",
        "artista": "Stay low bag relationship. Yourself we find real. Impact visit condition push ever plant.",
        "duracion": "18360 17:19:47",
        "archivo_audio": "them.tiff",
        "portada": "short.wav",
        "fecha_subida": "2024-10-15T16:16:40.275",
        "usuario": 8,
        "album": 9
    }
},
{
    "model": "socialSound.cancion",
    "pk": 17,
    "fields": {
        "titulo": "Street note bar. Place could mind learn.\nOption nor worker second Democrat teach. Measure contain health month school. Level treat anyone relate age.",
        "artista": "Ability low young many. Head yard fine rock two any cultural. Charge science especially.",
        "duracion": "6971 08:43:41",
        "archivo_audio": "group.css",
        "portada": "attention.tiff",
        "fecha_subida": "2024-10-15T16:16:40.275",
        "usuario": 7,
        "album": 3
    }
},
{
    "model": "socialSound.cancion",
    "pk": 18,
    "fields": {
        "titulo": "Forget center art whom practice picture. Appear interview own someone key. Difference course fund science.",
        "artista": "Series finally garden laugh keep research response. Generation happy piece pay.",
        "duracion": "7428 19:09:25",
        "archivo_audio": "raise.mp3",
        "portada": "develop.html",
        "fecha_subida": "2024-10-15T16:16:40.275",
        "usuario": 17,
        "album": 1
    }
},
{
    "model": "socialSound.cancion",
    "pk": 19,
    "fields": {
        "titulo": "Tonight though voice two cup project former decide. Town pay future clearly trouble. Whatever participant cause how indeed everything mouth building.",
        "artista": "South line Democrat face.",
        "duracion": "7987 21:43:12",
        "archivo_audio": "less.mov",
        "portada": "performance.js",
        "fecha_subida": "2024-10-15T16:16:40.275",
        "usuario": 18,
        "album": 2
    }
},
{
    "model": "socialSound.cancion",
    "pk": 20,
    "fields": {
        "titulo": "Remain age ground result home whole behind. Rule security something Republican. Visit better many manager first author themselves.",
        "artista": "Example star work party onto. Anyone form data can true official material.",
        "duracion": "1936 03:01:03",
        "archivo_audio": "reality.txt",
        "portada": "despite.png",
        "fecha_subida": "2024-10-15T16:16:40.275",
        "usuario": 10,
        "album": 9
    }
},
{
    "model": "socialSound.comentario",
    "pk": 1,
    "fields": {
        "contenido": "Save product name though financial reveal fill. Present room detail whole.\nCan quite major experience only. West your land interesting hair receive draw.",
        "created_at": "2024-10-15T16:16:40.277",
        "cancion": 18,
        "usuario": 18
    }
},
{
    "model": "socialSound.comentario",
    "pk": 2,
    "fields": {
        "contenido": "Under tax win mention. Interview another husband budget the. Hour send see dark inside finish.",
        "created_at": "2024-10-15T16:16:40.277",
        "cancion": 15,
        "usuario": 9
    }
},
{
    "model": "socialSound.comentario",
    "pk": 3,
    "fields": {
        "contenido": "Special herself why risk beat. Voice give return my Congress necessary only.\nSmile dark similar degree. Serious them into score carry life down.",
        "created_at": "2024-10-15T16:16:40.277",
        "cancion": 13,
        "usuario": 17
    }
},
{
    "model": "socialSound.comentario",
    "pk": 4,
    "fields": {
        "contenido": "With executive recent. Member go gun hospital pick participant edge.\nSound commercial resource. Relate cup energy control bed.",
        "created_at": "2024-10-15T16:16:40.277",
        "cancion": 7,
        "usuario": 14
    }
},
{
    "model": "socialSound.comentario",
    "pk": 5,
    "fields": {
        "contenido": "Above front north theory whose into establish. Home reveal history look bar home close. Fear write later hope dinner apply.",
        "created_at": "2024-10-15T16:16:40.277",
        "cancion": 9,
        "usuario": 18
    }
},
{
    "model": "socialSound.comentario",
    "pk": 6,
    "fields": {
        "contenido": "Leg issue support decade. Place firm state green accept although.\nStructure successful room seem. Sometimes through will amount strong material machine.",
        "created_at": "2024-10-15T16:16:40.277",
        "cancion": 6,
        "usuario": 18
    }
},
{
    "model": "socialSound.comentario",
    "pk": 7,
    "fields": {
        "contenido": "Peace gas we six win person guy. During notice receive give term stock. Research appear community hope above pick.\nWhere parent person film.",
        "created_at": "2024-10-15T16:16:40.277",
        "cancion": 17,
        "usuario": 5
    }
},
{
    "model": "socialSound.comentario",
    "pk": 8,
    "fields": {
        "contenido": "Per total senior stand painting. Around blood itself.",
        "created_at": "2024-10-15T16:16:40.277",
        "cancion": 12,
        "usuario": 5
    }
},
{
    "model": "socialSound.comentario",
    "pk": 9,
    "fields": {
        "contenido": "Set middle join. Light light try me a. Without office remember soon someone fear school.\nEast relationship never. Former quickly mind marriage. Establish human soldier now catch across form.",
        "created_at": "2024-10-15T16:16:40.277",
        "cancion": 17,
        "usuario": 3
    }
},
{
    "model": "socialSound.comentario",
    "pk": 10,
    "fields": {
        "contenido": "Shoulder will notice plant network interview on. Yard third too hope operation hope understand.",
        "created_at": "2024-10-15T16:16:40.277",
        "cancion": 12,
        "usuario": 11
    }
},
{
    "model": "socialSound.comentario",
    "pk": 11,
    "fields": {
        "contenido": "Together center yeah physical clear number capital identify. Majority up eye item world term road.",
        "created_at": "2024-10-15T16:16:40.277",
        "cancion": 12,
        "usuario": 19
    }
},
{
    "model": "socialSound.comentario",
    "pk": 12,
    "fields": {
        "contenido": "Culture way great turn million audience production. Detail role wish finally establish your. Never pay memory whether relate bring.",
        "created_at": "2024-10-15T16:16:40.277",
        "cancion": 11,
        "usuario": 20
    }
},
{
    "model": "socialSound.comentario",
    "pk": 13,
    "fields": {
        "contenido": "Buy bar pull example peace sister attack. Cause author find state exist president so or. Mean Congress center animal debate.",
        "created_at": "2024-10-15T16:16:40.277",
        "cancion": 11,
        "usuario": 19
    }
},
{
    "model": "socialSound.comentario",
    "pk": 14,
    "fields": {
        "contenido": "Town approach seven fight reveal. Resource program prove actually. You son employee sport.",
        "created_at": "2024-10-15T16:16:40.277",
        "cancion": 16,
        "usuario": 10
    }
},
{
    "model": "socialSound.comentario",
    "pk": 15,
    "fields": {
        "contenido": "Question relate world question exist glass. Seven side south wide.\nStuff maybe street. Spring fear everybody street. Despite understand low soon.",
        "created_at": "2024-10-15T16:16:40.277",
        "cancion": 9,
        "usuario": 12
    }
},
{
    "model": "socialSound.comentario",
    "pk": 16,
    "fields": {
        "contenido": "Easy a center kitchen raise. Draw process evening less movement. Other nation girl office area.",
        "created_at": "2024-10-15T16:16:40.277",
        "cancion": 8,
        "usuario": 9
    }
},
{
    "model": "socialSound.comentario",
    "pk": 17,
    "fields": {
        "contenido": "Ready police girl his perform bed court. Fast maintain least along charge. Cultural yeah later seem wish.",
        "created_at": "2024-10-15T16:16:40.277",
        "cancion": 7,
        "usuario": 14
    }
},
{
    "model": "socialSound.comentario",
    "pk": 18,
    "fields": {
        "contenido": "Land language along interview. Growth economic receive where.",
        "created_at": "2024-10-15T16:16:40.277",
        "cancion": 19,
        "usuario": 17
    }
},
{
    "model": "socialSound.comentario",
    "pk": 19,
    "fields": {
        "contenido": "Job bag garden one home sport your. Practice it get paper. Theory poor you edge nearly family.\nRest occur start no company. Front always action with. Animal position dog movie beautiful chair.",
        "created_at": "2024-10-15T16:16:40.277",
        "cancion": 8,
        "usuario": 1
    }
},
{
    "model": "socialSound.comentario",
    "pk": 20,
    "fields": {
        "contenido": "Scientist who drop prove. Southern move yet morning.",
        "created_at": "2024-10-15T16:16:40.277",
        "cancion": 11,
        "usuario": 8
    }
},
{
    "model": "socialSound.seguidores",
    "pk": 1,
    "fields": {
        "seguidor": 4,
        "seguido": 6,
        "follow_date": "2024-10-15T16:16:40.276"
    }
},
{
    "model": "socialSound.seguidores",
    "pk": 2,
    "fields": {
        "seguidor": 5,
        "seguido": 7,
        "follow_date": "2024-10-15T16:16:40.276"
    }
},
{
    "model": "socialSound.seguidores",
    "pk": 3,
    "fields": {
        "seguidor": 15,
        "seguido": 10,
        "follow_date": "2024-10-15T16:16:40.276"
    }
},
{
    "model": "socialSound.seguidores",
    "pk": 4,
    "fields": {
        "seguidor": 12,
        "seguido": 12,
        "follow_date": "2024-10-15T16:16:40.276"
    }
},
{
    "model": "socialSound.seguidores",
    "pk": 5,
    "fields": {
        "seguidor": 1,
        "seguido": 17,
        "follow_date": "2024-10-15T16:16:40.276"
    }
},
{
    "model": "socialSound.seguidores",
    "pk": 6,
    "fields": {
        "seguidor": 5,
        "seguido": 10,
        "follow_date": "2024-10-15T16:16:40.276"
    }
},
{
    "model": "socialSound.seguidores",
    "pk": 7,
    "fields": {
        "seguidor": 16,
        "seguido": 2,
        "follow_date": "2024-10-15T16:16:40.276"
    }
},
{
    "model": "socialSound.seguidores",
    "pk": 8,
    "fields": {
        "seguidor": 16,
        "seguido": 11,
        "follow_date": "2024-10-15T16:16:40.276"
    }
},
{
    "model": "socialSound.seguidores",
    "pk": 9,
    "fields": {
        "seguidor": 3,
        "seguido": 17,
        "follow_date": "2024-10-15T16:16:40.276"
    }
},
{
    "model": "socialSound.seguidores",
    "pk": 10,
    "fields": {
        "seguidor": 13,
        "seguido": 13,
        "follow_date": "2024-10-15T16:16:40.276"
    }
},
{
    "model": "socialSound.seguidores",
    "pk": 11,
    "fields": {
        "seguidor": 3,
        "seguido": 20,
        "follow_date": "2024-10-15T16:16:40.276"
    }
},
{
    "model": "socialSound.seguidores",
    "pk": 12,
    "fields": {
        "seguidor": 8,
        "seguido": 4,
        "follow_date": "2024-10-15T16:16:40.276"
    }
},
{
    "model": "socialSound.seguidores",
    "pk": 13,
    "fields": {
        "seguidor": 6,
        "seguido": 14,
        "follow_date": "2024-10-15T16:16:40.276"
    }
},
{
    "model": "socialSound.seguidores",
    "pk": 14,
    "fields": {
        "seguidor": 9,
        "seguido": 17,
        "follow_date": "2024-10-15T16:16:40.276"
    }
},
{
    "model": "socialSound.seguidores",
    "pk": 15,
    "fields": {
        "seguidor": 18,
        "seguido": 3,
        "follow_date": "2024-10-15T16:16:40.276"
    }
},
{
    "model": "socialSound.seguidores",
    "pk": 16,
    "fields": {
        "seguidor": 12,
        "seguido": 19,
        "follow_date": "2024-10-15T16:16:40.276"
    }
},
{
    "model": "socialSound.seguidores",
    "pk": 17,
    "fields": {
        "seguidor": 17,
        "seguido": 15,
        "follow_date": "2024-10-15T16:16:40.276"
    }
},
{
    "model": "socialSound.seguidores",
    "pk": 18,
    "fields": {
        "seguidor": 16,
        "seguido": 11,
        "follow_date": "2024-10-15T16:16:40.276"
    }
},
{
    "model": "socialSound.seguidores",
    "pk": 19,
    "fields": {
        "seguidor": 5,
        "seguido": 13,
        "follow_date": "2024-10-15T16:16:40.276"
    }
},
{
    "model": "socialSound.seguidores",
    "pk": 20,
    "fields": {
        "seguidor": 19,
        "seguido": 18,
        "follow_date": "2024-10-15T16:16:40.276"
    }
},
{
    "model": "socialSound.playlist",
    "pk": 1,
    "fields": {
        "nombre": "Director improve major bar tonight.",
        "descripcion": "Light few take arrive above reach body character. Study music character so during. Oil music throw source manager bar.\nCup contain listen foreign conference.",
        "fecha_creacion": "2024-10-15T16:16:40.279",
        "usuario": 11,
        "publica": true,
        "canciones": [
            1,
            2,
            3,
            7,
            20
        ]
    }
},
{
    "model": "socialSound.playlist",
    "pk": 2,
    "fields": {
        "nombre": "Mention adult school far information tax. Right buy outside reflect.",
        "descripcion": "Positive hair public company find kid few. Move speech care walk. Mission camera field teacher study. Compare go manage common interview.",
        "fecha_creacion": "2024-10-15T16:16:40.279",
        "usuario": 19,
        "publica": true,
        "canciones": [
            5,
            13
        ]
    }
},
{
    "model": "socialSound.playlist",
    "pk": 3,
    "fields": {
        "nombre": "Whose agency others debate manager. Plan clear step issue heavy kitchen. Off meeting now value.",
        "descripcion": "Trade material early interest plan check customer. Alone best her letter hold people indeed. Themselves administration lot.",
        "fecha_creacion": "2024-10-15T16:16:40.279",
        "usuario": 4,
        "publica": true,
        "canciones": [
            3,
            4,
            8,
            14,
            16
        ]
    }
},
{
    "model": "socialSound.playlist",
    "pk": 4,
    "fields": {
        "nombre": "Adult serve TV century low thought. Economic provide hold.",
        "descripcion": "National score a create design environmental sign. Fall arm guess town.\nBehind air move front concern. Order power tree wait food.",
        "fecha_creacion": "2024-10-15T16:16:40.279",
        "usuario": 1,
        "publica": true,
        "canciones": [
            8,
            16,
            17,
            20
        ]
    }
},
{
    "model": "socialSound.playlist",
    "pk": 5,
    "fields": {
        "nombre": "Provide relate why. Discussion service father push life.",
        "descripcion": "Successful exactly air find structure. Scientist husband benefit. Your probably best career thing.",
        "fecha_creacion": "2024-10-15T16:16:40.279",
        "usuario": 13,
        "publica": true,
        "canciones": [
            16
        ]
    }
},
{
    "model": "socialSound.playlist",
    "pk": 6,
    "fields": {
        "nombre": "If agent box perform. Authority owner official large method report word.",
        "descripcion": "Field allow term. Radio me standard staff. Early civil among remember set necessary personal plant.\nArticle key trial develop. How shoulder really agree adult east media.",
        "fecha_creacion": "2024-10-15T16:16:40.279",
        "usuario": 12,
        "publica": true,
        "canciones": [
            4,
            5,
            7,
            19,
            20
        ]
    }
},
{
    "model": "socialSound.playlist",
    "pk": 7,
    "fields": {
        "nombre": "Phone industry nice middle investment sign success. Much relationship prevent. Late south provide.",
        "descripcion": "Their least need sometimes right. Industry seven wear miss. Note follow car attention cover place.\nGun my simply top part already. System strong budget of see.",
        "fecha_creacion": "2024-10-15T16:16:40.279",
        "usuario": 3,
        "publica": true,
        "canciones": [
            8,
            9,
            10,
            17
        ]
    }
},
{
    "model": "socialSound.playlist",
    "pk": 8,
    "fields": {
        "nombre": "Cell its gas way tree leave work. Toward career statement edge body radio big.",
        "descripcion": "Recognize former information tonight live soon number. Above section live reveal sense others doctor.\nWhite born might fill left pick. Teacher remain street gas late thought.",
        "fecha_creacion": "2024-10-15T16:16:40.279",
        "usuario": 11,
        "publica": true,
        "canciones": [
            9,
            11,
            18
        ]
    }
},
{
    "model": "socialSound.playlist",
    "pk": 9,
    "fields": {
        "nombre": "Or management happen participant want west site hand. Daughter hundred success three state.",
        "descripcion": "Trial day hard tree worker four tonight. Sort level first or various heavy camera personal.\nEnjoy hour sell himself ago prepare. Plant step image less.",
        "fecha_creacion": "2024-10-15T16:16:40.279",
        "usuario": 7,
        "publica": true,
        "canciones": [
            3,
            4,
            8,
            15,
            18
        ]
    }
},
{
    "model": "socialSound.playlist",
    "pk": 10,
    "fields": {
        "nombre": "Oil relationship start situation million behind major. Arrive a fight official.",
        "descripcion": "Employee weight work enter.\nGreen audience voice difference. Former spend little soon ok. Bring win fund great.",
        "fecha_creacion": "2024-10-15T16:16:40.279",
        "usuario": 13,
        "publica": true,
        "canciones": [
            7,
            13,
            18
        ]
    }
},
{
    "model": "socialSound.playlist",
    "pk": 11,
    "fields": {
        "nombre": "Record tend center store candidate rather. But food three think third hope follow. Safe we whom Mr.",
        "descripcion": "Girl share clearly local Congress democratic media. Open visit conference add thousand. Year two source ask TV wrong.\nResult hand long city party hold. Operation able itself late talk drive.",
        "fecha_creacion": "2024-10-15T16:16:40.279",
        "usuario": 1,
        "publica": true,
        "canciones": [
            11,
            16
        ]
    }
},
{
    "model": "socialSound.playlist",
    "pk": 12,
    "fields": {
        "nombre": "Me history phone operation girl example. This soldier economy hear.",
        "descripcion": "Name manager trial. Present technology avoid throw economy fill method. Set whole effort international different quickly general.",
        "fecha_creacion": "2024-10-15T16:16:40.279",
        "usuario": 18,
        "publica": true,
        "canciones": [
            11
        ]
    }
},
{
    "model": "socialSound.playlist",
    "pk": 13,
    "fields": {
        "nombre": "Sell leader still. Think change skill mention.",
        "descripcion": "Time develop mouth board machine individual than.\nEntire wind catch billion language. Sister their same ago his song keep former. Certain amount citizen hold simple.",
        "fecha_creacion": "2024-10-15T16:16:40.279",
        "usuario": 3,
        "publica": true,
        "canciones": [
            7,
            9
        ]
    }
},
{
    "model": "socialSound.playlist",
    "pk": 14,
    "fields": {
        "nombre": "Can full strategy eat. Kid health accept four eight too.",
        "descripcion": "Push number huge boy science cut. White lose represent thank should.\nMoment down garden travel. Standard include turn per artist yeah.",
        "fecha_creacion": "2024-10-15T16:16:40.279",
        "usuario": 4,
        "publica": true,
        "canciones": [
            13
        ]
    }
},
{
    "model": "socialSound.playlist",
    "pk": 15,
    "fields": {
        "nombre": "Not off control live.",
        "descripcion": "Who others look improve his expert window sound. When way century its music behavior themselves.\nFoot rate school staff. Medical always fine. Relate occur page lose international half push.",
        "fecha_creacion": "2024-10-15T16:16:40.279",
        "usuario": 10,
        "publica": true,
        "canciones": [
            8
        ]
    }
},
{
    "model": "socialSound.playlist",
    "pk": 16,
    "fields": {
        "nombre": "Respond expect miss finish day. Very stock off cut.",
        "descripcion": "Difficult choice nearly. Anything dream plan clearly. Surface another music explain religious daughter.",
        "fecha_creacion": "2024-10-15T16:16:40.279",
        "usuario": 3,
        "publica": true,
        "canciones": [
            5,
            6
        ]
    }
},
{
    "model": "socialSound.playlist",
    "pk": 17,
    "fields": {
        "nombre": "Themselves down sit yet range receive produce four.",
        "descripcion": "Recognize follow society race challenge contain.\nLearn civil four vote under. Campaign example nation with find. She front better responsibility.",
        "fecha_creacion": "2024-10-15T16:16:40.279",
        "usuario": 12,
        "publica": true,
        "canciones": [
            1,
            15,
            16
        ]
    }
},
{
    "model": "socialSound.playlist",
    "pk": 18,
    "fields": {
        "nombre": "Outside exist same in center full draw blood. Save often should especially use who.",
        "descripcion": "Big difficult to laugh often wall majority.\nFigure voice drop capital. Little kind daughter store.\nLater number lot else. Close course fine.\nStreet identify open generation by manager six.",
        "fecha_creacion": "2024-10-15T16:16:40.279",
        "usuario": 1,
        "publica": true,
        "canciones": [
            17
        ]
    }
},
{
    "model": "socialSound.playlist",
    "pk": 19,
    "fields": {
        "nombre": "Always lay too trip might expert. Bad study dog should couple data protect toward.",
        "descripcion": "Structure degree condition. Degree oil left method. Foot reach road less without yeah. Stop outside up movement game officer deal.",
        "fecha_creacion": "2024-10-15T16:16:40.279",
        "usuario": 19,
        "publica": true,
        "canciones": [
            2
        ]
    }
},
{
    "model": "socialSound.playlist",
    "pk": 20,
    "fields": {
        "nombre": "Rich box for year baby thus point. Family yourself mention probably mother kind.",
        "descripcion": "Current financial work business.\nPolicy new dream century respond product. Every member vote enjoy from forget. Return standard effort spend first even.",
        "fecha_creacion": "2024-10-15T16:16:40.279",
        "usuario": 7,
        "publica": true,
        "canciones": [
            4,
            5,
            11,
            15
        ]
    }
},
{
    "model": "socialSound.like",
    "pk": 1,
    "fields": {
        "cancion": 19,
        "usuario": 20,
        "fecha_like": "2024-10-15T16:16:40.279",
        "activo": true
    }
},
{
    "model": "socialSound.like",
    "pk": 2,
    "fields": {
        "cancion": 9,
        "usuario": 12,
        "fecha_like": "2024-10-15T16:16:40.279",
        "activo": true
    }
},
{
    "model": "socialSound.like",
    "pk": 3,
    "fields": {
        "cancion": 9,
        "usuario": 19,
        "fecha_like": "2024-10-15T16:16:40.279",
        "activo": true
    }
},
{
    "model": "socialSound.like",
    "pk": 4,
    "fields": {
        "cancion": 20,
        "usuario": 11,
        "fecha_like": "2024-10-15T16:16:40.279",
        "activo": true
    }
},
{
    "model": "socialSound.like",
    "pk": 5,
    "fields": {
        "cancion": 16,
        "usuario": 5,
        "fecha_like": "2024-10-15T16:16:40.279",
        "activo": true
    }
},
{
    "model": "socialSound.like",
    "pk": 6,
    "fields": {
        "cancion": 6,
        "usuario": 5,
        "fecha_like": "2024-10-15T16:16:40.279",
        "activo": true
    }
},
{
    "model": "socialSound.like",
    "pk": 7,
    "fields": {
        "cancion": 16,
        "usuario": 5,
        "fecha_like": "2024-10-15T16:16:40.279",
        "activo": true
    }
},
{
    "model": "socialSound.like",
    "pk": 8,
    "fields": {
        "cancion": 18,
        "usuario": 17,
        "fecha_like": "2024-10-15T16:16:40.279",
        "activo": true
    }
},
{
    "model": "socialSound.like",
    "pk": 9,
    "fields": {
        "cancion": 10,
        "usuario": 14,
        "fecha_like": "2024-10-15T16:16:40.279",
        "activo": true
    }
},
{
    "model": "socialSound.like",
    "pk": 10,
    "fields": {
        "cancion": 3,
        "usuario": 12,
        "fecha_like": "2024-10-15T16:16:40.279",
        "activo": true
    }
},
{
    "model": "socialSound.like",
    "pk": 11,
    "fields": {
        "cancion": 18,
        "usuario": 15,
        "fecha_like": "2024-10-15T16:16:40.279",
        "activo": true
    }
},
{
    "model": "socialSound.like",
    "pk": 12,
    "fields": {
        "cancion": 9,
        "usuario": 5,
        "fecha_like": "2024-10-15T16:16:40.279",
        "activo": true
    }
},
{
    "model": "socialSound.like",
    "pk": 13,
    "fields": {
        "cancion": 3,
        "usuario": 1,
        "fecha_like": "2024-10-15T16:16:40.279",
        "activo": true
    }
},
{
    "model": "socialSound.like",
    "pk": 14,
    "fields": {
        "cancion": 15,
        "usuario": 12,
        "fecha_like": "2024-10-15T16:16:40.279",
        "activo": true
    }
},
{
    "model": "socialSound.like",
    "pk": 15,
    "fields": {
        "cancion": 6,
        "usuario": 20,
        "fecha_like": "2024-10-15T16:16:40.279",
        "activo": true
    }
},
{
    "model": "socialSound.like",
    "pk": 16,
    "fields": {
        "cancion": 10,
        "usuario": 9,
        "fecha_like": "2024-10-15T16:16:40.279",
        "activo": true
    }
},
{
    "model": "socialSound.like",
    "pk": 17,
    "fields": {
        "cancion": 16,
        "usuario": 17,
        "fecha_like": "2024-10-15T16:16:40.279",
        "activo": true
    }
},
{
    "model": "socialSound.like",
    "pk": 18,
    "fields": {
        "cancion": 2,
        "usuario": 18,
        "fecha_like": "2024-10-15T16:16:40.279",
        "activo": true
    }
},
{
    "model": "socialSound.like",
    "pk": 19,
    "fields": {
        "cancion": 11,
        "usuario": 7,
        "fecha_like": "2024-10-15T16:16:40.279",
        "activo": true
    }
},
{
    "model": "socialSound.like",
    "pk": 20,
    "fields": {
        "cancion": 2,
        "usuario": 16,
        "fecha_like": "2024-10-15T16:16:40.279",
        "activo": true
    }
},
{
    "model": "socialSound.etiqueta",
    "pk": 1,
    "fields": {
        "nombre": "techno",
        "canciones": [
            2,
            5,
            8,
            9
        ]
    }
},
{
    "model": "socialSound.etiqueta",
    "pk": 2,
    "fields": {
        "nombre": "soul",
        "canciones": [
            1,
            3,
            6,
            19
        ]
    }
},
{
    "model": "socialSound.etiqueta",
    "pk": 3,
    "fields": {
        "nombre": "world",
        "canciones": [
            10
        ]
    }
},
{
    "model": "socialSound.etiqueta",
    "pk": 4,
    "fields": {
        "nombre": "grunge",
        "canciones": [
            11
        ]
    }
},
{
    "model": "socialSound.etiqueta",
    "pk": 5,
    "fields": {
        "nombre": "opera",
        "canciones": [
            4,
            5,
            10,
            11
        ]
    }
},
{
    "model": "socialSound.etiqueta",
    "pk": 6,
    "fields": {
        "nombre": "house",
        "canciones": [
            5,
            14,
            18
        ]
    }
},
{
    "model": "socialSound.etiqueta",
    "pk": 7,
    "fields": {
        "nombre": "rock",
        "canciones": [
            10
        ]
    }
},
{
    "model": "socialSound.etiqueta",
    "pk": 8,
    "fields": {
        "nombre": "folk",
        "canciones": [
            11
        ]
    }
},
{
    "model": "socialSound.etiqueta",
    "pk": 9,
    "fields": {
        "nombre": "chillout",
        "canciones": [
            19
        ]
    }
},
{
    "model": "socialSound.etiqueta",
    "pk": 10,
    "fields": {
        "nombre": "noise",
        "canciones": [
            2,
            7,
            9
        ]
    }
},
{
    "model": "socialSound.etiqueta",
    "pk": 11,
    "fields": {
        "nombre": "moombahton",
        "canciones": [
            2,
            11,
            18
        ]
    }
},
{
    "model": "socialSound.etiqueta",
    "pk": 12,
    "fields": {
        "nombre": "progressivehouse",
        "canciones": [
            7
        ]
    }
},
{
    "model": "socialSound.etiqueta",
    "pk": 13,
    "fields": {
        "nombre": "reggae",
        "canciones": [
            17
        ]
    }
},
{
    "model": "socialSound.etiqueta",
    "pk": 14,
    "fields": {
        "nombre": "jrock",
        "canciones": [
            3,
            6,
            9,
            14
        ]
    }
},
{
    "model": "socialSound.etiqueta",
    "pk": 15,
    "fields": {
        "nombre": "reggae",
        "canciones": [
            7,
            8,
            9
        ]
    }
},
{
    "model": "socialSound.etiqueta",
    "pk": 16,
    "fields": {
        "nombre": "gospel",
        "canciones": [
            5,
            9,
            14,
            15
        ]
    }
},
{
    "model": "socialSound.etiqueta",
    "pk": 17,
    "fields": {
        "nombre": "hiphop",
        "canciones": [
            6,
            19
        ]
    }
},
{
    "model": "socialSound.etiqueta",
    "pk": 18,
    "fields": {
        "nombre": "progressivehouse",
        "canciones": [
            6,
            11,
            16,
            17
        ]
    }
},
{
    "model": "socialSound.etiqueta",
    "pk": 19,
    "fields": {
        "nombre": "experimental",
        "canciones": [
            1,
            3,
            10,
            11,
            12
        ]
    }
},
{
    "model": "socialSound.etiqueta",
    "pk": 20,
    "fields": {
        "nombre": "latin",
        "canciones": [
            5,
            8,
            10,
            11,
            13
        ]
    }
},
{
    "model": "socialSound.guardado",
    "pk": 1,
    "fields": {
        "usuario": 17,
        "cancion": 11,
        "fecha_guardado": "2024-10-15T16:16:40.278"
    }
},
{
    "model": "socialSound.guardado",
    "pk": 2,
    "fields": {
        "usuario": 6,
        "cancion": 14,
        "fecha_guardado": "2024-10-15T16:16:40.278"
    }
},
{
    "model": "socialSound.guardado",
    "pk": 3,
    "fields": {
        "usuario": 11,
        "cancion": 6,
        "fecha_guardado": "2024-10-15T16:16:40.278"
    }
},
{
    "model": "socialSound.guardado",
    "pk": 4,
    "fields": {
        "usuario": 10,
        "cancion": 10,
        "fecha_guardado": "2024-10-15T16:16:40.278"
    }
},
{
    "model": "socialSound.guardado",
    "pk": 5,
    "fields": {
        "usuario": 14,
        "cancion": 5,
        "fecha_guardado": "2024-10-15T16:16:40.278"
    }
},
{
    "model": "socialSound.guardado",
    "pk": 6,
    "fields": {
        "usuario": 15,
        "cancion": 15,
        "fecha_guardado": "2024-10-15T16:16:40.278"
    }
},
{
    "model": "socialSound.guardado",
    "pk": 7,
    "fields": {
        "usuario": 3,
        "cancion": 19,
        "fecha_guardado": "2024-10-15T16:16:40.278"
    }
},
{
    "model": "socialSound.guardado",
    "pk": 8,
    "fields": {
        "usuario": 19,
        "cancion": 16,
        "fecha_guardado": "2024-10-15T16:16:40.278"
    }
},
{
    "model": "socialSound.guardado",
    "pk": 9,
    "fields": {
        "usuario": 9,
        "cancion": 15,
        "fecha_guardado": "2024-10-15T16:16:40.278"
    }
},
{
    "model": "socialSound.guardado",
    "pk": 10,
    "fields": {
        "usuario": 12,
        "cancion": 9,
        "fecha_guardado": "2024-10-15T16:16:40.278"
    }
},
{
    "model": "socialSound.guardado",
    "pk": 11,
    "fields": {
        "usuario": 9,
        "cancion": 8,
        "fecha_guardado": "2024-10-15T16:16:40.278"
    }
},
{
    "model": "socialSound.guardado",
    "pk": 12,
    "fields": {
        "usuario": 16,
        "cancion": 1,
        "fecha_guardado": "2024-10-15T16:16:40.278"
    }
},
{
    "model": "socialSound.guardado",
    "pk": 13,
    "fields": {
        "usuario": 7,
        "cancion": 1,
        "fecha_guardado": "2024-10-15T16:16:40.278"
    }
},
{
    "model": "socialSound.guardado",
    "pk": 14,
    "fields": {
        "usuario": 19,
        "cancion": 11,
        "fecha_guardado": "2024-10-15T16:16:40.278"
    }
},
{
    "model": "socialSound.guardado",
    "pk": 15,
    "fields": {
        "usuario": 15,
        "cancion": 19,
        "fecha_guardado": "2024-10-15T16:16:40.278"
    }
},
{
    "model": "socialSound.guardado",
    "pk": 16,
    "fields": {
        "usuario": 11,
        "cancion": 9,
        "fecha_guardado": "2024-10-15T16:16:40.278"
    }
},
{
    "model": "socialSound.guardado",
    "pk": 17,
    "fields": {
        "usuario": 5,
        "cancion": 14,
        "fecha_guardado": "2024-10-15T16:16:40.278"
    }
},
{
    "model": "socialSound.guardado",
    "pk": 18,
    "fields": {
        "usuario": 5,
        "cancion": 4,
        "fecha_guardado": "2024-10-15T16:16:40.278"
    }
},
{
    "model": "socialSound.guardado",
    "pk": 19,
    "fields": {
        "usuario": 17,
        "cancion": 16,
        "fecha_guardado": "2024-10-15T16:16:40.278"
    }
},
{
    "model": "socialSound.guardado",
    "pk": 20,
    "fields": {
        "usuario": 6,
        "cancion": 3,
        "fecha_guardado": "2024-10-15T16:16:40.278"
    }
},
{
    "model": "socialSound.reporte",
    "pk": 1,
    "fields": {
        "usuario": 8,
        "cancion": 8,
        "comentario": null,
        "tipo_reporte": "spam",
        "descripcion": "Apply again return today so apply suddenly. Floor six movie sign. Country trade bit test usually population hand.",
        "fecha_reporte": "2024-10-15T16:16:40.276",
        "resuelto": true
    }
},
{
    "model": "socialSound.reporte",
    "pk": 2,
    "fields": {
        "usuario": 4,
        "cancion": 20,
        "comentario": null,
        "tipo_reporte": "contenido_inapropiado",
        "descripcion": "Control exactly allow career base hour. System keep growth before. Some concern first either similar.\nCatch learn short enter get everybody. Despite win how whole.",
        "fecha_reporte": "2024-10-15T16:16:40.276",
        "resuelto": true
    }
},
{
    "model": "socialSound.reporte",
    "pk": 3,
    "fields": {
        "usuario": 13,
        "cancion": 16,
        "comentario": null,
        "tipo_reporte": "otro",
        "descripcion": "Power oil career around lose indicate. Politics work region at thousand interest memory house. Nearly heavy international view whose firm.",
        "fecha_reporte": "2024-10-15T16:16:40.276",
        "resuelto": false
    }
},
{
    "model": "socialSound.reporte",
    "pk": 4,
    "fields": {
        "usuario": 2,
        "cancion": 1,
        "comentario": null,
        "tipo_reporte": "contenido_inapropiado",
        "descripcion": "Hour event beautiful another work product firm special. Buy represent gun kitchen far anyone.\nPiece arm wind service fish agent. Think important human entire.",
        "fecha_reporte": "2024-10-15T16:16:40.276",
        "resuelto": false
    }
},
{
    "model": "socialSound.reporte",
    "pk": 5,
    "fields": {
        "usuario": 20,
        "cancion": 9,
        "comentario": null,
        "tipo_reporte": "spam",
        "descripcion": "Star itself address door still student season on. Though learn environmental public pass nation.\nOrganization time feeling. More experience writer issue daughter sister.",
        "fecha_reporte": "2024-10-15T16:16:40.276",
        "resuelto": false
    }
},
{
    "model": "socialSound.reporte",
    "pk": 6,
    "fields": {
        "usuario": 19,
        "cancion": 8,
        "comentario": null,
        "tipo_reporte": "derechos_autor",
        "descripcion": "Stage prevent this happen within. Out edge fish idea pay rock type. Note threat life clearly owner generation energy son. Development around computer recognize lose large picture.",
        "fecha_reporte": "2024-10-15T16:16:40.276",
        "resuelto": true
    }
},
{
    "model": "socialSound.reporte",
    "pk": 7,
    "fields": {
        "usuario": 13,
        "cancion": 12,
        "comentario": null,
        "tipo_reporte": "contenido_inapropiado",
        "descripcion": "Usually television class stand perhaps heavy always. Yard central walk region provide sound. Resource gun case success.",
        "fecha_reporte": "2024-10-15T16:16:40.276",
        "resuelto": false
    }
},
{
    "model": "socialSound.reporte",
    "pk": 8,
    "fields": {
        "usuario": 15,
        "cancion": 7,
        "comentario": null,
        "tipo_reporte": "derechos_autor",
        "descripcion": "Determine look Congress social husband especially. Field consumer eat girl live series.\nScientist for knowledge rise few practice while.\nLook product wind sister. Half lawyer small star base.",
        "fecha_reporte": "2024-10-15T16:16:40.276",
        "resuelto": true
    }
},
{
    "model": "socialSound.reporte",
    "pk": 9,
    "fields": {
        "usuario": 9,
        "cancion": 10,
        "comentario": null,
        "tipo_reporte": "contenido_inapropiado",
        "descripcion": "Nothing western million agency. Against for then catch process.\nBreak unit those visit practice serious exactly. Hour wish political.",
        "fecha_reporte": "2024-10-15T16:16:40.276",
        "resuelto": false
    }
},
{
    "model": "socialSound.reporte",
    "pk": 10,
    "fields": {
        "usuario": 5,
        "cancion": 19,
        "comentario": null,
        "tipo_reporte": "contenido_inapropiado",
        "descripcion": "Than party play who team really style. When condition win treat final.",
        "fecha_reporte": "2024-10-15T16:16:40.276",
        "resuelto": true
    }
},
{
    "model": "socialSound.reporte",
    "pk": 11,
    "fields": {
        "usuario": 11,
        "cancion": 13,
        "comentario": null,
        "tipo_reporte": "contenido_inapropiado",
        "descripcion": "Dark few daughter information his collection memory. Those man would treatment still quickly community increase.",
        "fecha_reporte": "2024-10-15T16:16:40.276",
        "resuelto": true
    }
},
{
    "model": "socialSound.reporte",
    "pk": 12,
    "fields": {
        "usuario": 8,
        "cancion": 10,
        "comentario": null,
        "tipo_reporte": "spam",
        "descripcion": "Foot science job as. It personal agent although art shake industry left.",
        "fecha_reporte": "2024-10-15T16:16:40.276",
        "resuelto": true
    }
},
{
    "model": "socialSound.reporte",
    "pk": 13,
    "fields": {
        "usuario": 11,
        "cancion": 4,
        "comentario": null,
        "tipo_reporte": "otro",
        "descripcion": "Above admit miss court job. Improve throw ok if.\nEat imagine share media carry. Region power seek really force remain.",
        "fecha_reporte": "2024-10-15T16:16:40.276",
        "resuelto": true
    }
},
{
    "model": "socialSound.reporte",
    "pk": 14,
    "fields": {
        "usuario": 3,
        "cancion": 14,
        "comentario": null,
        "tipo_reporte": "spam",
        "descripcion": "Different daughter camera. List second born exactly trial customer enough very.\nGun somebody reveal result. Pm maybe field half. Former according ever better.",
        "fecha_reporte": "2024-10-15T16:16:40.276",
        "resuelto": false
    }
},
{
    "model": "socialSound.reporte",
    "pk": 15,
    "fields": {
        "usuario": 6,
        "cancion": 16,
        "comentario": null,
        "tipo_reporte": "contenido_inapropiado",
        "descripcion": "Walk late beyond truth without theory sea. Born guess doctor conference manager run.\nMeasure after agree water specific out.",
        "fecha_reporte": "2024-10-15T16:16:40.276",
        "resuelto": true
    }
},
{
    "model": "socialSound.reporte",
    "pk": 16,
    "fields": {
        "usuario": 7,
        "cancion": 6,
        "comentario": null,
        "tipo_reporte": "spam",
        "descripcion": "Adult blue actually site. Bit man safe oil.\nPressure government give. Candidate article pay. Company add tough should industry hair surface.",
        "fecha_reporte": "2024-10-15T16:16:40.276",
        "resuelto": true
    }
},
{
    "model": "socialSound.reporte",
    "pk": 17,
    "fields": {
        "usuario": 5,
        "cancion": 17,
        "comentario": null,
        "tipo_reporte": "otro",
        "descripcion": "Doctor all measure determine probably. Card choice between chair to.\nPolitical risk someone billion expect student. Try spring create bit make. Far child speech American dog.",
        "fecha_reporte": "2024-10-15T16:16:40.276",
        "resuelto": false
    }
},
{
    "model": "socialSound.reporte",
    "pk": 18,
    "fields": {
        "usuario": 9,
        "cancion": 5,
        "comentario": null,
        "tipo_reporte": "derechos_autor",
        "descripcion": "Rich family share option. Offer listen believe include firm.\nLead price professor cover difference own agent. Future have deal nature rate play cultural.",
        "fecha_reporte": "2024-10-15T16:16:40.276",
        "resuelto": false
    }
},
{
    "model": "socialSound.reporte",
    "pk": 19,
    "fields": {
        "usuario": 7,
        "cancion": 18,
        "comentario": null,
        "tipo_reporte": "spam",
        "descripcion": "Road least part if enter yourself. Smile dark force mission. West free continue quickly call people job.\nFall quickly center learn provide. Election usually computer side. Four stand time into.",
        "fecha_reporte": "2024-10-15T16:16:40.276",
        "resuelto": false
    }
},
{
    "model": "socialSound.reporte",
    "pk": 20,
    "fields": {
        "usuario": 4,
        "cancion": 12,
        "comentario": null,
        "tipo_reporte": "derechos_autor",
        "descripcion": "Trouble center during his hard hope. Picture class again may.\nMemory black week. Capital official force onto but spring. American option yeah while customer explain then left.",
        "fecha_reporte": "2024-10-15T16:16:40.276",
        "resuelto": false
    }
},
{
    "model": "socialSound.mensajeprivado",
    "pk": 1,
    "fields": {
        "emisor": 5,
        "receptor": 14,
        "content": "Others stuff he left nor. Job full get year that service fast. Save author lose represent wrong.\nDiscussion general course.",
        "sent_at": "2024-10-15T16:16:40.275",
        "is_read": true
    }
},
{
    "model": "socialSound.mensajeprivado",
    "pk": 2,
    "fields": {
        "emisor": 15,
        "receptor": 19,
        "content": "Everyone well relationship company floor risk.\nSpace song go TV law. Measure certainly where. Stay doctor court usually box nor design type.\nMiss herself produce rather.",
        "sent_at": "2024-10-15T16:16:40.275",
        "is_read": true
    }
},
{
    "model": "socialSound.mensajeprivado",
    "pk": 3,
    "fields": {
        "emisor": 12,
        "receptor": 14,
        "content": "Billion model own someone as treatment. Answer would cultural land majority back mother. School end arm true once.\nIt need spend itself consumer. Family successful pay health difficult every might.",
        "sent_at": "2024-10-15T16:16:40.275",
        "is_read": false
    }
},
{
    "model": "socialSound.mensajeprivado",
    "pk": 4,
    "fields": {
        "emisor": 10,
        "receptor": 4,
        "content": "His option hear song them hair way.\nFull travel himself keep economic. People name wish product produce. Add today door sort laugh. Soon nice one ground expect.",
        "sent_at": "2024-10-15T16:16:40.275",
        "is_read": false
    }
},
{
    "model": "socialSound.mensajeprivado",
    "pk": 5,
    "fields": {
        "emisor": 10,
        "receptor": 2,
        "content": "Upon generation wall table easy. Yes professor prepare spend brother fund.\nMajority hold future arrive. Gas management ago specific responsibility city wall view.",
        "sent_at": "2024-10-15T16:16:40.275",
        "is_read": false
    }
},
{
    "model": "socialSound.mensajeprivado",
    "pk": 6,
    "fields": {
        "emisor": 6,
        "receptor": 13,
        "content": "Big owner news parent. Raise truth smile building common firm source.\nBenefit dog free already law school bring. Either foot represent organization.",
        "sent_at": "2024-10-15T16:16:40.275",
        "is_read": true
    }
},
{
    "model": "socialSound.mensajeprivado",
    "pk": 7,
    "fields": {
        "emisor": 18,
        "receptor": 5,
        "content": "Kid personal thought enter suddenly. Eight cell increase book relate artist and reason. Charge environment statement company he former choice.",
        "sent_at": "2024-10-15T16:16:40.275",
        "is_read": true
    }
},
{
    "model": "socialSound.mensajeprivado",
    "pk": 8,
    "fields": {
        "emisor": 4,
        "receptor": 9,
        "content": "There change outside ten. Yes growth special couple. Political radio marriage.\nStep no very wrong many consider medical. Than few because him.\nHeart who very realize among. Interesting cold lose.",
        "sent_at": "2024-10-15T16:16:40.275",
        "is_read": true
    }
},
{
    "model": "socialSound.mensajeprivado",
    "pk": 9,
    "fields": {
        "emisor": 18,
        "receptor": 19,
        "content": "In reason place beautiful. Wish quality thank around degree serious there. Scientist probably money ready beautiful.",
        "sent_at": "2024-10-15T16:16:40.275",
        "is_read": false
    }
},
{
    "model": "socialSound.mensajeprivado",
    "pk": 10,
    "fields": {
        "emisor": 19,
        "receptor": 16,
        "content": "Truth drop issue cultural. Later see culture about. Rule study science generation despite southern.",
        "sent_at": "2024-10-15T16:16:40.275",
        "is_read": true
    }
},
{
    "model": "socialSound.mensajeprivado",
    "pk": 11,
    "fields": {
        "emisor": 8,
        "receptor": 8,
        "content": "Tough recently analysis none like century forget. Nothing air against. Team policy those Democrat.\nAmong decide certainly decade. Deal fall want local reality perform. Which guy base citizen power.",
        "sent_at": "2024-10-15T16:16:40.275",
        "is_read": true
    }
},
{
    "model": "socialSound.mensajeprivado",
    "pk": 12,
    "fields": {
        "emisor": 18,
        "receptor": 3,
        "content": "Either who necessary father set. Establish beautiful their at force involve.",
        "sent_at": "2024-10-15T16:16:40.275",
        "is_read": true
    }
},
{
    "model": "socialSound.mensajeprivado",
    "pk": 13,
    "fields": {
        "emisor": 6,
        "receptor": 12,
        "content": "Certain move range worry beautiful million. Author all manage various ability still laugh.",
        "sent_at": "2024-10-15T16:16:40.275",
        "is_read": false
    }
},
{
    "model": "socialSound.mensajeprivado",
    "pk": 14,
    "fields": {
        "emisor": 16,
        "receptor": 2,
        "content": "Value skill I. Each method none money idea account ahead.\nTen last open safe hand tonight election. Mind financial serious measure than develop serve. Item set understand man edge serious.",
        "sent_at": "2024-10-15T16:16:40.275",
        "is_read": false
    }
},
{
    "model": "socialSound.mensajeprivado",
    "pk": 15,
    "fields": {
        "emisor": 6,
        "receptor": 13,
        "content": "Today energy pull free them begin student. Rule deal former building us research. Force theory sign wonder.\nSeven skill this difference save. Institution three action describe maybe short.",
        "sent_at": "2024-10-15T16:16:40.275",
        "is_read": true
    }
},
{
    "model": "socialSound.mensajeprivado",
    "pk": 16,
    "fields": {
        "emisor": 17,
        "receptor": 16,
        "content": "Pull relate far activity certainly. Box property call carry think. Manage analysis realize over run power. Give serious represent month.",
        "sent_at": "2024-10-15T16:16:40.275",
        "is_read": false
    }
},
{
    "model": "socialSound.mensajeprivado",
    "pk": 17,
    "fields": {
        "emisor": 19,
        "receptor": 9,
        "content": "Term remember space quality per gun. Green chance network before rise customer. Program away that us.",
        "sent_at": "2024-10-15T16:16:40.275",
        "is_read": false
    }
},
{
    "model": "socialSound.mensajeprivado",
    "pk": 18,
    "fields": {
        "emisor": 16,
        "receptor": 13,
        "content": "Recognize step window subject though rather film. Experience catch although whom accept father appear. She moment north agent. Me right two do evening.",
        "sent_at": "2024-10-15T16:16:40.275",
        "is_read": true
    }
},
{
    "model": "socialSound.mensajeprivado",
    "pk": 19,
    "fields": {
        "emisor": 9,
        "receptor": 12,
        "content": "Class picture friend. Song training amount answer discussion without south price.\nCustomer professional design. Act increase before go strategy.",
        "sent_at": "2024-10-15T16:16:40.275",
        "is_read": true
    }
},
{
    "model": "socialSound.mensajeprivado",
    "pk": 20,
    "fields": {
        "emisor": 18,
        "receptor": 10,
        "content": "Interest truth against focus. Fly trip require might pressure show. Alone never establish candidate since.",
        "sent_at": "2024-10-15T16:16:40.275",
        "is_read": false
    }
}
]
